0.4385948781,0.2153164101
-0.4224529144,-0.3054397380
-1.0124811784,0.0475592961
0.9763578105,0.0380486406
-1.0161751818,-0.2778597221
0.7424323579,0.6096551076
0.6147535706,-0.7616905683
0.4800584746,0.2004895527
-0.4469330418,-0.2380058516
0.2978120243,-0.2585584152
-0.3679090815,0.3858569022
0.0106139188,0.5003050317
-0.3131735995,-0.9813463894
-0.2547566242,-0.9181718141
-0.5009868335,0.2911288065
0.3869038340,0.2888781800
-0.1244235608,-1.0124651004
-0.3016115764,0.4090074793
0.6450559143,0.8158522355
0.4723225221,0.0934802000
0.2978800144,0.9023693862
0.4058472851,-0.3133441964
-0.4509288221,0.1849785922
0.5320016329,-0.8418744139
0.1773644438,0.3747700968
-0.7150255493,-0.6617195960
0.2061984636,0.5026786031
-0.7903074876,-0.5459836657
-0.9276994644,0.0294553431
0.5406496796,0.2510205945
0.0726322889,1.0065982180
-0.2250481835,0.4782645226
0.3409007343,-0.3096550581
0.1739322722,0.4166740018
0.4876697553,0.8935376236
-0.7174858941,0.5393403227
0.0097410861,-0.5545149846
0.3360328358,-0.3296913879
-1.0289533330,-0.0486291328
-0.4964177372,-0.8964343165
-0.4355667612,0.2040804051
-0.7692234270,0.6792425900
-0.5260860138,-0.0007808762
0.5227199026,-0.8737207723
0.4257103392,-0.8956871633
-0.3179707984,0.3377988092
0.8523753549,-0.3861048482
0.7059200527,0.7640646575
0.9617421264,-0.0502202620
0.8729723431,-0.6700594267
-0.2070371411,0.4704128214
0.5892128802,0.9024230590
-0.4183862013,0.1683788568
-0.3648370354,-1.0068119718
0.4373773074,-0.2892349026
-0.2839925545,0.3958422323
0.5288744144,-0.0785563074
-0.0971857156,-0.9423215789
0.2700329368,-0.4484804818
0.9658569115,0.2316564764
-0.3450196983,-0.8782088510
0.6841847049,0.7385930683
0.0451543518,0.3632498567
-0.1586765142,0.9405382328
-0.2439061559,0.4612529933
0.6802366778,-0.8010921267
-0.5662629415,0.8719833022
0.3454334655,-0.3419966955
-0.2599786447,-0.3922030217
0.3327367243,0.4363662418
-0.0899600685,-0.4604577174
0.6007528759,0.1617272332
-0.8625603603,-0.5053766108
0.4105155563,-0.1895892776
-0.5172444935,-0.1682578097
-0.2781864868,-0.9500629573
0.4844439023,0.2727104030
0.0259678217,-1.0185784833
0.4339052118,0.0941115075
0.3576519589,-0.2780440067
-0.4538913789,-0.0571589424
0.8944693832,-0.4009416344
0.8988918732,0.4259625140
-0.9239768562,0.0389024362
0.5170128225,-0.0205178155
-0.1640888947,-1.0301939663
-0.3855799820,-0.2796377725
-0.8852032609,-0.3560233370
-0.4920447125,0.0826132187
-1.0718311529,-0.0460006504
-0.9682448415,0.2524301040
-0.3756320336,-0.3243804259
-1.0192300555,0.3212839673
0.6337361002,0.8639958694
-0.5854897790,0.8313394429
-0.3742496512,0.3503847412
-0.0529556592,0.5070491127
-0.9887353082,0.0307547871
-0.4620314391,-0.1874984113
0.9979484036,0.3867640482
-1.0644391913,-0.0607381764
0.3383044899,-0.3416573463
0.1174394888,-1.0072352076
0.2884651029,-0.4244226111
0.5785248847,0.7650665028
-0.0264438931,-0.5246589189
0.4776926263,-0.2542822991
0.7486796190,0.6557237797
-0.5047383502,-0.2139422080
-0.0398526117,-0.9913904135
-0.0013085038,0.5205564016
0.0641575277,1.0475220417
-0.4380877405,-0.9210875658
-0.0292387200,0.4212659488
0.0223302663,1.0194817881
0.5317184524,0.0951569020
-0.9564619836,-0.2958894611
0.6955569246,-0.6888807425
0.1507404780,-0.4629885368
0.2334256884,-0.5129719554
0.4449964251,-0.0996458444
0.9330400325,0.2303101224
0.1403929355,0.3317540629
0.4908761027,0.0604754966
0.9965109892,-0.2623840867
0.9554450843,-0.2168160172
-0.3098109920,0.4081927639
0.3329920594,0.4201176171
0.4693673761,-0.2656019744
-0.5828239290,0.0588593849
0.5015350425,0.1011513602
0.2105412597,-0.4887375351
0.1890656083,-0.4919674545
-0.5324454435,-0.0180819072
-0.8114901654,0.5313033602
-0.0998841319,-0.4862371202
0.2305539091,0.4251819823
0.7967116565,0.5316284101
0.6805973446,0.7667971004
-0.8887917382,-0.5522480577
-0.4201687079,0.8404894245
0.3505214884,0.4116953832
0.0299265811,-0.4738048673
0.3736922953,-0.0673262718
0.7598705532,-0.7555477579
0.3986342602,0.1834298418
-1.0251435353,0.2387895949
-0.8983589260,0.3635841988
0.4555682862,0.3037394041
0.4807669717,0.0052203076
0.1589163950,0.4497980169
-0.5220930016,0.1173620377
-0.4888047934,-0.9067062990
-0.2997949497,-0.3232991917
1.0185780317,-0.2446923964
-0.5734673713,-0.8375146872
-0.2473316910,-0.5199379055
0.5630337668,-0.1191286007
0.4243733826,-0.2978049665
0.4759161154,-0.1979136933
-0.4997139295,0.0520846426
-0.3961851873,-0.1803130192
0.4252321618,0.2921690567
0.9402931433,-0.2584413834
0.0152836678,-0.9268999622
1.0232518654,0.0509850214
-0.2744973311,0.3437319770
0.9731802371,0.0830713247
0.1803917919,-1.0019924266
-0.2620079880,-0.4638770342
-0.4823473417,-0.0925648390
0.3489407815,-0.3381236029
-0.0273665082,-0.5209542682
-0.1608273739,0.4768047139
0.4715893896,0.1170529554
-0.6758894887,-0.8158145970
-0.4281505410,-0.8664731626
0.6885609978,-0.8110170102
-0.1594717142,-0.5223199541
0.1833394879,0.5376217694
-0.9697158359,-0.6240313811
0.1017769529,-0.4559333884
-0.5213225993,0.1262941286
0.4877197610,0.0951377452
1.0281892069,0.1631211443
-0.2583503250,-0.3812708754
0.3151225177,0.3766092030
-0.5012211611,0.0071729903
-0.5514423815,-0.0614297986
-0.0420910029,-0.5199588234
-0.4972004549,0.3046751702
-0.3616597011,-0.4013027537
-0.8954578671,0.4593781262
-0.9830850065,-0.1509304682
-0.4199546418,-0.3033316013
-0.3709771317,0.3479213758
0.5670852352,-0.0352475078
-0.0297944838,0.5118540415
-0.1195069733,-1.0819946415
-0.4074891680,0.3123800908
-0.4546719302,-0.1381342890
-0.9865780695,0.0944376641
-0.9482104658,-0.1984366828
-0.4013366493,0.2925346126
0.3480403268,-0.4358190050
-0.3748928229,-0.2883820959
0.5166442312,0.9102476533
0.3656053617,-0.1064467887
-0.8764304152,-0.5389410643
0.2330169674,0.9391389796
0.5869725613,-0.7220391715
0.4395629309,0.8981887479
0.4048809905,0.2399648001
0.0747506786,0.5300253826
0.2214540577,1.0301360587
-0.1159131855,-0.4354676116
0.8505411901,-0.5104153341
0.9805496325,-0.2845485152
-0.0175794331,0.4305312151
0.5013902008,-0.0223048505
0.4328296989,-0.4098411681
0.1191512450,0.9369744509
-0.8106695485,-0.7211350078
1.0269929145,0.1631240310
0.6591378523,0.7280300907
0.9917943599,-0.2272595586
0.5966310494,-0.0557815466
-0.5416435275,0.1512697047
-0.2392879318,-0.3563408702
-0.0490131365,1.0251798187
0.2687303532,-0.4520155264
-0.5590064938,-0.8124214604
0.7461646593,0.5966218392
0.3212724076,0.3028647630
-0.1799122436,-0.5592748321
0.8116351711,0.6654393597
-1.0706952572,0.0084970274
-0.3838871540,0.9811191574
0.0116969686,0.9491707635
0.0002711897,0.5353875955
-0.3794336143,1.0021974674
0.2010223420,0.3582623337
0.3975055492,-0.3791761558
0.4176299878,-0.1708733484
-0.8623005992,0.5397378928
0.3686947274,-0.3066196548
0.2114927529,-0.4430859805
-0.1893456439,0.4292709817
-0.0206094377,-1.0134908728
0.2169546677,-0.5446124320
0.3383602707,0.3804407983
-0.9573888882,-0.1537736216
-0.2040621490,-0.9898475308
-0.5602067041,-0.0711683463
0.6387295263,-0.8134515957
-0.4389452458,-0.3674361924
-0.1370884349,0.4321731383
-0.9112429773,0.4336348160
-0.1905382102,0.9891005237
0.0526551377,0.4086501543
0.1521248842,-0.4525954061
0.8869982042,-0.3484315002
0.2112678767,1.1072410674
-0.5398177555,0.8086015414
0.2409004243,-1.0447239226
-0.1540550500,0.4948043950
-0.0788645330,-1.0333118884
-0.5366042966,0.1640222425
-0.1243831247,-0.5724510630
0.4789442575,0.0011347437
0.5308750336,0.0569246911
-0.3874527297,0.3778701763
0.1387966424,1.0003048057
-0.3953651192,0.2824734876
-0.2785794251,0.9800060506
0.3145843525,0.3667616914
0.0369748020,-0.5528999983
-0.1505082080,-0.4768428043
-0.4420035679,0.0643492851
-0.0978883602,1.0181728478
0.5365563751,0.0333067926
-0.0198000265,-0.9049318471
0.9533092790,-0.2560913017
-0.1748321992,-0.3721299877
-0.7243060745,0.6898856471
-0.8200205670,-0.6686235907
0.2500170286,-0.3922320447
0.4242189354,0.2153467192
0.2994850014,0.9846884423
-0.9055002350,-0.2777736952
-1.0020553017,0.0188237681
-0.6654143796,-0.1145302210
-0.2197294300,0.9075655748
0.4108049189,0.9487920466
-0.8434198113,-0.6478820206
-0.7886636581,0.6789327222
-0.0893944007,-0.3749565761
0.1773124852,1.0685569058
-0.7370546783,0.5137832394
0.3606938966,0.8617701244
-0.3950156010,0.2933634033
-0.4202602655,0.2814664588
-0.0059852363,0.4832547913
0.3543609272,0.4172372484
-0.4095857185,-0.9708692755
0.4013356935,-1.0146641165
-0.3328519041,-0.9405440516
-0.0689522282,-0.4909911591
-0.3887597569,1.0204591464
0.7265765047,-0.6654570001
-0.8072495678,0.6421159606
0.9259812477,-0.4113442932
0.6979520373,-0.6029641399
0.9438736232,-0.1511162303
-0.9811430516,-0.2981792020
-0.8282013104,-0.5529109172
0.9673490685,-0.2549041122
0.4285588620,0.2992688967
-0.5395320943,0.0469427091
-1.0037764901,-0.1311412717
0.8779832317,0.4814420042
0.4392737821,0.8442473331
-0.2744930776,0.3947929926
0.7148386190,0.6757406922
-0.9196121590,0.3634693542
0.8776035424,0.4094119651
0.5206036216,-0.8240090811
0.4154998104,-0.2904748984
0.2689352905,-0.4537616249
0.8767518352,0.4897913160
0.0919219639,-0.5438373681
-0.6692833720,0.7406990274
-0.9233433121,0.4148844733
-0.4364226555,-0.0365265573
-0.3262538965,1.0195085498
0.0184087239,-1.0526032034
-0.2456440022,0.9733344186
-0.1896034609,0.9790100922
0.2963912714,-0.9789049850
-0.0240726368,-0.9558186513
0.4032326552,0.8386312267
-0.3494943807,-0.9043353588
0.8449878021,-0.4532555288
-0.2405983911,0.3917906533
0.2570529826,0.9392018651
0.6352499256,-0.9093403693
0.0280278605,1.0992421686
-0.4712542399,0.0768472485
0.2532281856,-0.4798606184
0.4638568743,0.0094891186
-0.4962405714,-0.8526888856
0.4824750562,0.9788725398
-0.3819446794,0.3690067963
0.4607934715,0.2183010258
0.2758999992,0.4250829433
-0.0723252238,0.5456342655
0.3471702445,0.3004299643
0.7901358800,-0.7107613665
-0.5131993500,0.1999212472
-0.4682506678,0.7698611570
-0.9856345684,0.2906222714
0.4577450981,-0.8674541147
0.5055710881,-0.8440932067
0.0252406661,0.8990478987
0.2045345000,0.5099523750
-0.0638074478,-0.4892004137
-1.0024304658,0.3253678924
-0.4840053073,-0.1420387400
0.3642216568,-0.9727942703
0.6201593367,0.8105998560
-0.7340145948,0.6422609361
-0.9654909035,-0.1817350933
0.0414584132,0.5005831610
0.9230513842,-0.2958409959
0.8594961051,-0.3649957190
0.5565868162,-0.6667836102
0.4833402411,-0.0631078918
0.4959363379,0.0592695296
0.6534962166,0.7659809713
0.5865600353,0.0279408875
-0.3412200172,-0.4192498032
0.3586897631,-0.9227772665
0.8385375574,0.3806336130
0.8891264567,0.5633136083
0.7809073844,-0.5516998226
0.9324322458,-0.1125621868
0.3420766495,0.4349711894
0.0292253464,-0.4756730349
-0.6512801201,0.6963532380
0.9458159819,-0.2822076883
-0.9495546770,-0.2827421453
-0.5172048902,-0.8573349311
-0.2136374496,0.3650843444
-0.6995013701,-0.7285320466
-0.4011754145,-0.2961901559
-0.4125555258,-0.2699697168
-0.8884599509,-0.1908264803
0.1730631072,0.4774509911
-0.3458661449,-0.3637209465
1.0084852324,-0.3178625785
0.4317432548,-0.3203875265
0.2049135135,0.5003245776
-0.6655512763,0.6766135288
0.4532816249,0.1555976328
0.7780035516,-0.5872106172
-0.8165132971,0.5882511007
-0.3876146030,-0.2568798863
0.8226654558,-0.3909679863
-0.8031962741,0.5906214593
-0.9193115946,0.3468847074
0.2863188925,-0.4681464061
0.8403058159,0.4769400418
0.7677760200,-0.7436638097
-0.3545409696,-0.3466995200
-0.0148916911,1.0130383100
0.2207466546,0.4088750331
0.4355105791,-0.8847388881
-0.3925728096,0.1911909001
-0.5690487455,0.0206314966
-0.5130829497,-0.0021905159
-0.8980711406,-0.3969797265
-0.3215101873,0.3552252238
1.0052526682,0.1890702061
-0.2195947648,-1.0039925396
-1.0458494222,-0.0760563489
-0.2214407690,0.3808845565
-0.9181133690,0.3981406847
0.2349258720,0.4847918449
0.9230369984,0.3910804446
-0.4950696103,-0.0793044847
-0.2944311354,-0.4287545733
0.8203479377,0.5392625091
-0.9700938475,0.5453080818
0.2924758140,-0.4436340939
-0.7130827832,-0.7213647018
-0.8169731581,0.5373022614
0.5396069537,0.2087654404
1.0211576081,-0.0259123437
1.0182803976,-0.0550249062
-0.4253574770,-0.9385975016
-0.4261086377,-0.3258389346
0.4484814178,-0.2476523371
0.8327155396,-0.5905549249
-0.7688632586,0.6551715223
0.1613277655,0.5057760767
-0.3735138429,-0.2944891800
-0.0878354481,-0.4500480264
0.3803311362,0.8731425570
0.7734087375,-0.6010193649
-0.2093034047,-0.4200987158
-0.5347720416,0.0259000554
0.0257180073,0.5144422108
0.0446061256,0.5552643016
-0.4840570070,-0.2370337552
-0.1240866321,0.5021298394
-0.4196263555,-0.2087482098
-0.2537491077,0.9971762634
-0.3119878502,-0.9510112716
-0.8329980296,-0.6003637757
0.0470417752,-0.4427725839
0.4268419664,0.1684282943
-0.8941787434,-0.3252919283
0.5038521512,-0.0591024285
0.2267932274,-1.0232481352
0.1860956383,-0.8895749401
-0.7844798084,-0.6472404717
0.8623698471,0.4762680504
-0.4179487986,0.0058062757
-0.1625519318,0.4241940335
0.1099792060,-0.9933311942
0.8189669740,-0.6341555486
0.3993649321,-1.0139818764
-0.2690933493,0.9746465827
-0.0420669400,-0.4702043304
-0.3398553252,0.3537660758
0.1192367055,0.4817643746
0.3985616777,-0.2770243522
0.4048609671,0.3229132035
-0.4000108879,0.8796636392
1.0422807218,-0.0876537496
-0.1860600357,0.5461612396
0.3773748488,-0.3389111786
-1.0121947753,0.1914320322
0.3549524545,0.9534072540
-0.3724406757,-0.9550639142
0.8258790002,0.4604661323
0.2052494320,0.3490088840
0.4975831339,-0.0104272648
0.9329104845,-0.3892047609
-0.4979212096,-0.2345417005
-0.7125201778,-0.5737913058
0.2227818957,-0.9443615259
-0.0302462584,-0.5026675138
-0.9794162793,-0.0400821783
0.4687399601,0.1460455744
0.4418538825,0.1408029411
0.5743734864,0.9028227865
0.9342735146,-0.2231109842
0.4844256444,-0.7809433292
0.8036887182,0.4695640625
0.0669636156,1.0659210530
-0.3689285846,-0.8234026056
0.0205118664,-1.0008488979
0.9296798435,0.2823043879
-0.8358532322,-0.5111625601
0.3390428636,0.3977397903
-0.2059816298,-0.5057135550
0.8897502285,-0.4375317267
-0.3035533224,0.9277910359
0.0661999890,-0.4929581587
-0.9975136824,-0.0947514311
-0.5841503457,-0.8342652867
-0.9736058063,0.0514780576
-0.5103633918,-0.8482281105
-0.6034366354,-0.8197526175
-0.1573398925,-1.0446222336
-0.9723792703,-0.4633044873
0.7981445018,0.5042146740
-0.2791128796,-0.9606483273
0.9134610465,-0.3311167880
-0.0123911201,-0.9620864449
0.8989154678,-0.4889340093
-0.0673053059,0.9032923671
-0.7088170044,-0.7461772506
0.4754464620,0.3130838282
0.0407448711,-0.9772697997
-0.9321352160,0.4438892621
0.4463358680,0.9254568726
-0.1202276273,-1.0527235111
-0.2724007530,-0.4017295081
0.3826284106,0.3479415574
0.3493226162,0.2514993741
-0.3976530316,-0.4314024297
-0.0917668460,-0.4173151135
0.4060368166,0.4118734199
0.4224365886,-0.9058672539
-0.3040317682,-0.4224197244
-0.1265582715,-0.8561054124
-0.2410589184,-0.4694115699
0.8993584695,-0.5240989559
-0.8238205382,-0.4546626024
0.1469625029,0.4933964973
0.0038008218,-0.4364624233
-0.1345496405,-0.5697152840
-0.4101688063,0.1648761789
0.4528035347,0.8753307043
-0.2833037681,0.4963264182
-0.9020103856,-0.4990927036
-0.4834128962,0.1559084570
0.8514542564,-0.5916571888
-0.2067882006,0.3754207976
0.6645889948,-0.8660977852
-0.0576461848,0.5234787907
0.5322236565,-0.0444818051
0.5843652905,-0.7990548831
-0.3917589620,0.3184038072
0.5229464344,-0.1852292135
-0.2220348337,-0.4324017180
-0.3757004308,0.3284530518
0.0675959280,-0.5017763178
-0.6331527221,0.6556667954
0.5588661873,-0.7495615081
0.2508740476,-0.5275020721
-0.9789605002,-0.0521110546
0.2293841439,0.4935587701
0.1411748389,0.4736753298
-0.0617280879,0.5277695826
0.5021234980,-0.0688874575
-0.5236857721,-0.7921141171
-0.9911759882,-0.0823633403
0.2728241322,-0.4433998717
0.5226029076,-0.8235306182
1.0101948719,-0.0501034603
0.3502951309,-0.3260205564
0.2139577782,-0.4205011250
-0.6778343242,-0.9468258065
0.9038638683,-0.4812755856
-0.2119041274,0.3713798409
0.9885082897,-0.0556731267
-0.1943244498,0.5183286102
0.1664387566,-1.0892967457
-0.1748972142,1.0299986656
0.0370888655,0.5028187373
-0.4394030314,-0.4158408390
0.3699529723,-0.3025910852
-0.8715346735,-0.4009607742
0.1613515146,-0.4461314243
0.4011173492,-0.7916307492
-0.8086046963,-0.4613892168
0.9038322054,-0.5416646500
0.9645755817,0.1318583287
-0.3667568937,0.3198686458
-0.2257126800,0.4895699293
-0.4602663731,0.8184127926
0.2396706233,0.3679416336
0.4485555802,-0.1339718327
0.2457248325,-0.5365180443
-0.3027918320,-0.5167321989
0.2301159813,-0.4703374993
-0.0945141056,0.9684180517
0.4927392423,-0.9051535635
-0.0170458194,0.9364519859
0.4408395053,-0.2806402394
0.5416436687,0.8376281503
-0.4994827647,-0.0906492190
-0.3810962289,-0.4132613411
-0.1957472096,0.9411247127
0.4664849841,-0.1927111932
0.2534725583,0.9297703045
-0.2898942034,0.3423141839
-0.0844079629,-0.4659330136
-0.3683656560,0.2820024717
0.4532165619,-0.1759279266
0.7970257378,0.5885619077
0.3607538323,-0.3409311046
-0.4078356659,0.7937535650
0.5881663960,-0.0338261227
-0.3194911963,-0.4111665335
0.0176746188,-0.9093174820
-0.7065539637,-0.7553717804
0.4030505267,-0.3947398818
-0.4547814280,-0.1303125320
0.0185477240,-1.0696360298
-0.3340229419,-0.1600350153
-0.5536362668,0.8402257851
-0.9173803833,0.0668556040
-1.0202786377,0.1923562460
-0.2899501643,0.9911245774
-0.2357647797,-0.3877492012
-0.4773404501,0.1187367136
0.0674665223,-1.0395736426
0.4954910881,0.3112233661
0.1932468336,0.4879548664
-0.1428684290,0.4759645851
0.2806788346,0.4662339308
0.5463508418,0.2169485960
-0.1255232821,0.5334892236
0.3846388342,0.2695225625
-0.7146548094,0.7015774196
-0.4854586606,0.1398016812
0.5678541133,0.0375613819
-0.7993467823,-0.7488838977
0.0208908351,0.4714976718
-0.3544773809,0.2852811392
-0.9484745552,-0.4438191413
-0.3938139383,-0.2236661465
0.4258285859,0.3351567448
-0.5475330829,-0.1079181640
0.2332582144,-0.9373214011
0.8383516046,-0.4649692647
-0.5133351819,-0.8782348642
-0.4751947900,0.8163807645
-0.6170159988,-0.7670655786
0.2905408656,0.4045483982
-0.5014296497,0.0811956331
-0.1482580129,-0.5095623693
0.9031423416,-0.3869600113
0.8586415766,-0.5575088767
0.2339596329,-0.3777807748
-0.5750684938,0.8170893764
-0.4946587403,-0.1836081869
0.8483610933,-0.2848634130
-0.5087013448,0.1756172192
-0.2899110292,-0.3334926179
-0.9887907932,-0.2888522830
0.0314771983,0.5048365750
-0.3073032886,-0.3573830226
-0.5346631815,-0.0364328856
-0.2221587495,-0.3990435271
-0.6561367791,0.6794222491
-0.0902471067,0.8772322354
-0.1584942545,-1.0663707096
0.4366959879,-0.1636029080
-0.3348746839,-0.3374396769
0.4179394883,0.3333273125
0.8396298276,-0.5249138110
-0.4789699605,-0.2800292878
0.9471274708,0.2504646116
0.6171683671,-0.7514501996
0.8392311112,0.6737643516
-0.5008578827,-0.2447206653
-0.5016377612,0.0118121724
0.4049365654,0.3130242069
-0.0629295812,-0.5488593419
-0.3217783398,-0.9527976570
-0.2084869989,-0.4508877530
-0.4352674468,-0.2645779589
0.5187782786,0.1456616442
-0.7655917191,-0.8176435656
-0.3643090638,0.2244122008
-0.5530628211,-0.8187114875
-0.0142338073,-0.4671941958
1.0158376836,-0.0625566922
0.6193111119,0.7176075718
0.8171327962,-0.6323535997
0.9276377063,0.2077587293
-0.3115999964,-0.4105057547
-0.9544156838,0.3236504991
-0.8316255196,0.5365733754
0.9831384939,-0.1582400324
0.4035497335,1.0285982018
-0.4698515995,0.2712051213
-0.3226516183,0.3957275337
0.7317029974,-0.7190231837
-0.0063709172,0.4546615827
-0.8439377365,-0.7245693412
0.3756168064,0.2846053931
-0.9192593093,-0.3152130529
-0.5583167488,-0.7949054626
-0.9078356228,-0.0015050675
-0.4397869929,0.2932254623
0.4454203004,0.1044040984
-0.7736077648,-0.7699297653
0.2181348959,-0.3621127263
-0.4051943190,-0.2441671936
0.4651214135,0.2448948540
0.4839236982,0.0079643079
0.8046519315,-0.6044853834
-0.1009999899,0.4949471321
0.4695474432,-0.1490015432
-0.5673945588,0.8407429865
0.7835795845,0.5931678003
0.2813345994,0.3745189054
-0.1903977382,-0.4268697427
-0.1552202334,0.9307475249
0.4015233356,0.3152532012
-0.9970046228,-0.4066426130
0.3772426627,-1.0016424733
-0.8604740121,-0.6807637168
0.4890114978,0.0903506151
-0.1721659953,-1.0516041032
-0.0494365215,0.9636494714
0.4211394370,-0.8934712850
0.4672526891,-0.8521054450
0.9958794356,-0.0266650082
-0.3335632508,0.4324400637
-0.7923424541,0.5114346730
-0.3904674729,0.1131195176
0.7501697685,0.7045675229
0.5291302354,0.8356038929
-0.6460867733,0.7452122368
0.1754020123,0.9388905764
-0.7784591333,0.6147559565
-0.1809904920,0.4961629501
0.6904138507,-0.7467178719
-0.1081957599,0.4270070531
0.5303490751,-0.8375117934
0.4749313442,-0.1625153841
0.7820763893,0.5798062770
-0.5421945851,0.8188109421
0.6132800108,-0.8066520491
-0.0524976688,0.4724662873
0.5371372555,0.0785658191
-0.2225881159,0.4715344701
-0.4452632425,0.0227904826
-0.8101353679,0.5556647842
0.5155967369,0.1676962037
-0.4809871379,-0.1297344053
0.8620019967,0.5050885800
-0.4714822697,0.2702312349
-0.4070221094,0.9364600365
-0.9917047174,-0.2600465484
0.4248018113,0.2431863745
0.2917067949,-0.9545446032
0.9334117043,0.2828907337
-0.2308469480,-0.4635928173
0.9699841788,-0.1783427560
-0.8496669306,0.4211040887
0.4226549078,0.1380492107
0.9611470336,0.2997455365
-1.0017719202,-0.0670618672
-0.8029838356,0.6393463170
0.1731336512,0.4908593300
-0.2429008558,0.4833358325
-0.4393988945,0.2497567939
0.5011833525,-0.0927931642
-0.5625835197,0.0313457415
0.2891584605,-0.3866395626
0.9722196108,-0.1317192202
0.7898731283,-0.5911481893
0.4802403406,0.0157641234
0.0440884117,0.4850838761
0.0443527452,0.5119286927
-0.3599940349,0.4399221834
0.9376735589,0.0611461670
0.9184635720,0.4389086556
-0.7339129369,-0.7206608020
-0.3542569724,-0.2255164272
0.8397832228,0.4888476258
0.0983518041,0.5125676935
-0.3733998788,0.3563780724
-0.9400905840,-0.3552881241
0.2753419261,0.8559150520
0.1658673114,-0.3695951585
0.2744165719,0.4492154131
-0.1152094200,0.4463615295
0.3714150277,-0.2471119959
-1.0065151448,0.0804329616
0.3083186713,-0.4389867570
0.4527835004,-0.2034674636
-0.3983119444,-0.8471208987
-0.9912642801,-0.2677508190
0.3766507508,-0.9276333125
-0.5252076165,-0.2419493731
0.3622659950,0.9736033638
0.0345070871,0.4619343063
-0.1758433364,0.4007523581
-0.1175233503,-0.3933825592
-0.3050340174,0.3942242326
-0.0213914808,-0.9955291367
0.1135269779,0.5252628644
-0.3845706088,0.1522843953
-0.3827593269,0.8378000589
-0.7939258002,0.6938974438
0.2001402462,0.3353736801
0.4637710706,0.0440341191
0.3310124375,-0.9807926460
1.0596295087,0.0885513125
0.5347732246,0.7960161776
0.5639840271,0.6145509422
-0.9394945300,-0.3575134231
0.3107173329,0.3645767004
0.6186786485,0.7592759362
-0.0841719838,0.4825316391
-0.1519357365,0.4939778590
-0.6024457865,0.7680479788
-1.0362368308,-0.1591336485
0.0767683641,-0.5718066422
0.2428642036,0.5905492210
-0.6782909764,-0.6840836358
-0.6925773952,0.7283011509
-0.5132272988,-0.1497397543
0.4678688466,0.9038592421
-0.9297674038,-0.2878300380
0.3093249260,-0.3618980397
-0.2714075337,-0.4080829675
0.9473467829,-0.0043047730
0.9180069649,-0.2730568906
1.0590876100,-0.0622048784
-0.2885974953,0.9379654721
0.5029948022,-0.0669850224
0.3798314409,-0.3392377590
-0.1791845901,-0.4084733647
-0.3628534763,0.9411766169
0.3743815817,0.3598434224
-0.0541361412,1.0221780698
-0.4114735546,0.2440521029
-0.4201309179,0.2808972914
-0.9623430219,0.0962476716
-0.1643637856,-0.5354721031
0.5349344160,-0.0625851846
0.4269114436,-0.9308858494
0.0503133445,-0.6389226793
-0.9497853241,0.2409592711
-0.3410883280,-0.9105442688
-0.3950633804,-0.3634928561
0.4415777885,-0.3151773375
-0.0206894732,0.9921929272
0.9300411577,-0.5976630165
-0.0761387209,0.4747382033
-0.1079287473,-0.5866970933
-0.4426713423,0.1197684528
0.4239690998,0.2508510259
-0.8327378805,0.4327585412
-0.2293946387,-0.9361916735
-0.3937001313,-0.2286906626
-0.2323637818,0.4351551936
0.1902277612,-1.0183412008
-0.1194102402,-0.4788298223
-0.1492019535,0.3926896312
0.1228893932,-1.0689402598
0.4950774153,-0.1989240450
0.1847701879,0.9918720303
-0.8447529153,-0.5477076363
-0.1848581464,0.4288987404
-0.2135514514,-0.4683351797
0.4406963976,-0.0772237615
0.2991734210,-0.4594351468
0.7827304180,0.5866834328
1.0020995579,0.4245887064
0.2636559790,0.9377602006
-0.7756274719,0.5608437343
0.1345776775,-0.4832103154
-0.2307800416,0.4651377776
-0.4710126691,-0.3041334397
0.1017548235,0.5243722512
-0.0779276717,-1.0383600193
0.1642953486,-0.9996770326
0.2587586309,-0.4608808978
-0.3734543226,0.8593365052
0.3794559359,0.2752236577
-0.3505962468,0.4717854200
-0.4414743465,-0.8445076747
1.0142365402,0.1716631573
-0.0517218825,1.0001144356
-0.0381321502,-0.4389973859
0.2436626597,0.3508281621
0.9230975259,0.2936418017
0.2259328445,-0.5123033271
0.9264472275,-0.3548601637
0.7658754606,0.6993309034
0.1282840076,1.0074934298
0.3647475229,0.3413104369
0.1938042472,0.4262363501
-0.8214800719,-0.6803915397
0.5091581247,0.0041088486
-0.5681169997,0.8792298511
-0.1988501690,0.9992270866
0.8966566046,0.3871578772
0.8480546518,0.6879755729
-0.4550194661,0.0443322533
-0.1829186316,0.4651019731
-0.9573243655,0.4258971388
0.1851802440,0.5073400805
-0.1865276009,0.9348616622
0.2816694993,-0.9297725334
0.1376643328,-0.5233417224
0.1564278272,-0.3778136112
-0.5934072485,-0.0431214535
0.1259329417,0.4368165334
-0.0602139021,-1.0195051689
0.1889206297,-0.4872127622
-0.9890467006,0.2208945470
-0.0651469941,0.4781577712
0.3474438258,0.3048477981
0.1375130689,-1.0276691446
0.0415044174,0.4344368311
0.4819569900,-0.0105481062
0.4217200676,0.7300899482
-0.4950929563,0.1792396001
0.3355520329,0.3563472855
-0.5628053996,0.8293421042
-0.7718441125,0.7556808512
-0.5391364468,-0.0335812369
-1.0405804609,0.1818376345
0.4309802074,0.3141223078
0.1880397565,-0.9037946024
-0.2507732181,-0.9498534141
0.0596412521,-0.4582857195
0.3835701371,-0.0949172685
0.8543525649,0.5360355682
-0.4819616285,-0.0251628178
-0.4185939913,-0.1548310451
0.4701716828,-0.2644607187
0.4467959416,0.2234775199
-0.0924699389,-0.5820891304
0.4643615048,-0.0837518750
-0.4563637716,-0.2869196315
-1.0540206663,0.2440578691
-0.4753559237,-0.1332185624
0.9105412394,-0.6077160654
0.2066468984,-0.4244538309
0.4607098180,-0.0118467255
0.4542204040,-0.8759192629
-0.2063597728,-0.4375322051
-0.8494554082,-0.5757377626
-0.0550453172,-0.4854686709
-0.3811550896,-0.8795641147
-0.2747047495,-1.0385491053
0.8522520577,0.3774163524
0.9255063861,0.0201149373
0.1341762232,0.4688425830
-0.3974849013,-0.3373373595
0.9370548756,0.3487171272
0.7558486018,0.7493268398
0.4817485371,-0.0667199399
0.1017293960,-0.5033315134
0.9383237844,-0.0770508651
0.3004793620,-0.2617210223
0.2842020636,-1.0272121378
-0.1246696026,-0.5148568340
-0.3633771588,-0.2937802842
-0.4991536758,0.3095463836
-0.0216740614,1.0654411040
-0.5246350419,-0.8198610079
-0.3475863529,-0.2874899473
-0.1847591057,-0.9962100075
-0.4297158002,0.8147311513
0.0507000904,-0.5329820227
-0.7758831430,-0.4448998095
-0.3247616965,0.3928396761
-1.0670028052,-0.0761978363
-0.7248908381,0.6592159949
-0.1929182328,0.4584650011
0.2671885270,0.9817958391
-0.3278895989,0.2665619216
-0.4160031685,0.8446337979
0.2572156044,0.3660223953
-1.0405375018,-0.0426318430
0.3140237045,-0.4345830037
-0.3923942840,0.3096533159
0.8603268553,-0.4088299687
0.4449103770,0.8669735590
-0.9493491793,-0.2811017968
-0.9408056528,-0.3517244868
0.3165530716,-0.3213679791
-0.8317548393,0.6296010983
-0.3117130363,-0.4509251928
-0.4477825701,0.8501552171
0.3506673077,-0.9989315453
0.5967313563,-0.0113206808
-0.4840959226,0.8594285387
-0.0852882234,-0.5197679405
-0.7812538810,-0.6876130358
-0.0081738962,-0.5145371410
1.0061460749,-0.2674929431
-0.5842711352,0.1298552844
0.7788550573,-0.6147765373
-0.5641732920,0.1010644457
-0.1592646804,0.5493625801
0.5092610254,-0.0167705827
0.0933847785,0.3967595450
-0.1519571219,-0.4338859875
-0.6517483976,0.6983034801
-0.5869833109,-0.7702414414
0.4862866271,-0.0406826799
0.2285612836,-0.4054813195
-0.5159168668,0.0243823483
0.1585121748,-0.4199835762
0.4764771056,-0.9047694283
0.0790129797,0.5451729524
-0.2361879300,0.4108628668
-0.4337142906,0.0311558634
0.9023160168,-0.4778204268
-0.2175563571,0.4329417722
-0.6307371927,-0.8201736873
-0.4385336251,-0.1068727770
0.3926637532,-0.3601342468
0.0550487005,0.4376244720
-0.8726415960,-0.5011999940
0.9202381004,0.3690436561
0.0591545972,0.4831283665
-0.1912707124,-0.4582889147
-0.2787063543,-0.3962971685
-0.4777469091,-0.0670447943
-0.9448199216,0.4539784125
1.0088091231,-0.3861180850
0.1990441687,-0.9706768146
0.4197255012,0.1615420798
-0.4806569474,0.0696717489
0.7951693663,0.7323844420
0.3076721671,0.3911369574
0.9631804368,0.3833958024
1.0412470155,-0.0849458630
0.3441022016,0.3206360509
0.3947496298,-0.2324768989
0.4283168336,0.1315847849
0.6656497270,0.7758603460
0.5811630724,-0.7886297709
0.2901683076,-0.3679336578
-0.5094362086,0.1852642887
0.7431275844,0.7439655447
0.5158377535,-0.2956708080
-0.7786003135,-0.4658266402
-0.9906197877,0.2163350857
0.9551034737,-0.2192548156
0.3713739651,-0.9545258388
0.1292977802,0.5317611419
-0.4258406108,0.1624891373
0.1444436971,0.4537704567
0.2037606150,0.3743573768
0.9731845524,0.1682160759
0.2514668104,1.0193362745
0.2985737750,-0.4029030160
0.1900497946,-0.4098061605
-0.4501382160,0.1369669546
0.2046160116,0.4099960455
0.7321901807,0.5889833964
-0.4100290469,-0.3389930667
-0.6029376802,-0.1223490327
-1.0649274910,-0.0735604520
-0.4353081747,0.1824925502
-0.2750682880,0.5147305399
0.1347579404,0.9283427297
-0.4628569435,0.1844119417
0.0843822725,1.0320173017
-0.5676602688,0.0828678422
0.9627792964,0.1888837154
0.4555215086,-0.1568269189
0.5775642843,-0.8308988431
-0.9815528258,0.1106836376
0.7585422728,0.5356522019
0.3815703931,-0.3130018832
0.9498973390,0.5463016018
-0.2251435633,-0.4366142644
-0.7804694435,0.6841593012
-0.5475591086,0.9056953273
-0.6079133387,0.7209932270
0.4451973520,0.0915041588
0.7379446855,-0.6884261629
-0.4582512157,-0.8484597111
-0.8908321151,0.5264596556
-0.0974823655,-0.4360214917
-1.0340310379,-0.1986520714
-0.3616971975,0.3790774306
0.3396237891,-0.3731883109
0.5193491361,0.0134763879
0.1840308871,-0.4425795001
0.7958073579,-0.6443143494
0.2016158159,-1.0443774954
-0.0021190844,0.5026446318
-0.9749193673,-0.1894949743
-0.4270815733,0.8442981797
0.5550597603,0.8326963802
0.8835694812,0.6660989752
0.4178494745,0.0884871055
-0.0947421275,-0.3655786278
0.2723625036,-0.4035155012
-0.4666165295,-0.0460163102
-0.5052118816,-0.8032164910
-0.6393689321,-0.8055063023
0.6146627819,-0.8166345536
0.1402974072,0.5444349885
1.0140704030,0.2131127751
0.9055979089,0.1883095971
0.5637460087,-0.0414128265
0.3558629348,-0.8673194374
-0.0248639641,-0.9861053559
0.1411771684,-1.0102365031
0.6834950433,0.6165236665
0.0377279160,-0.5577290782
-0.3621203843,-0.3831595498
-0.4994350920,-0.1663002990
0.5262907556,0.1994897237
0.9775702267,0.3728637137
-0.9586531759,-0.1337299813
-0.4171249178,0.2212093368
-0.4928555542,0.0165619164
-0.1443692425,0.3732519267
0.0845645965,0.9639849416
-0.0335065401,0.5500190778
0.0237413960,0.4800971833
-0.6620307562,-0.7559089647
0.3765971438,-0.8668762400
-0.4274923727,0.8548637374
-0.5323049966,-0.0302199749
-0.4595274954,-0.1261649640
0.4445204655,0.8018236544
0.4771356026,-0.2794966348
-0.9831037662,0.2030880243
0.1440564817,1.0738296520
-0.5465752335,0.0389515457
0.6875309495,0.7004642697
-0.5501931002,-0.0073842142
0.1254479698,-0.4572586515
-0.5656631665,-0.8353117991
0.5663678938,0.8339495573
0.5110952923,-0.8397018615
0.0286095758,-0.5388355000
0.3545714734,0.3797719237
-0.8528328944,-0.4178632322
0.1764545694,-0.9895162314
0.4554322397,0.0583993850
-0.0726285164,-0.4450511600
-0.2576200895,0.9025315455
0.9798440838,0.0408454765
-0.9484940645,0.2326367336
0.2940884998,0.4522028431
-0.2352595355,-0.9144808911
-0.6877966309,0.6507548823
-0.2537023721,0.9244066528
-0.0395161580,-0.4176735782
0.1066731007,0.5205904107
0.4593042939,0.1815717972
0.3676275190,0.8307655777
0.4527426413,-0.1837660698
0.4512671645,-0.1099628738
-0.7420493771,0.5986627285
-0.0971734744,0.4638789707
0.4623553208,-0.1927244755
0.0756800465,-0.4329461376
0.5914694248,0.7519099283
0.3998406976,0.2803573426
-0.2799244333,0.4074646380
0.3681514806,-0.3783010702
0.1795813118,-0.4778473308
-0.3312868239,-0.4126486505
-0.3428014959,-0.3754857027
-0.5544954683,0.0377352116
-1.0246555342,0.3231291992
-0.4344481118,0.2551642070
-1.0419960182,0.1853011523
-0.9554681159,-0.1892074634
-0.3766380027,0.2696059470
0.7878595181,0.5781638680
-0.4322418964,0.3491524452
-0.2826656417,-0.3910590448
0.6625244637,0.7911376954
0.8788842033,-0.5476182666
0.0877897918,-0.5082825705
-0.2613590869,0.9675173578
0.7990984667,0.5102951951
0.4859385230,-0.1079611105
0.2864184597,0.3741768244
0.5570549927,0.0631523099
-0.0320617531,-0.4962234030
-0.4741200042,-0.2418640179
-0.5500240672,0.9357816971
-0.7729365789,-0.5399492867
0.6071415550,0.7893866292
0.1091765954,-0.5126270782
0.4341053690,-0.3710704119
-0.0233902427,1.0231586072
0.7860511177,-0.6573519883
0.3657750676,0.2260406915
-0.9739725473,0.0706456109
0.4256848547,0.2814036520
-0.5020721276,-0.7876864509
0.5328069742,-0.0744535393
0.4485799580,0.9306511558
0.2735089917,0.9471488733
0.1627407805,0.9747484989
-0.3025627340,0.2349627915
-0.3976242156,-0.3644750599
-0.4007089194,-0.4036049721
-1.0289493396,0.1809269990
0.4219241062,-0.2377325134
-0.3100954009,0.4174147879
0.3619769487,-0.3106768873
0.2938912162,-0.3829912549
-0.7720234411,-0.5523342879
0.3385513318,0.9030314676
0.9716632124,0.2162204141
0.9404159731,-0.2515466311
-0.5429390363,0.7776806645
-0.4354861129,0.0564701179
0.3167961386,-0.3852581765
-0.6834666711,-0.7816030650
0.4812070322,-0.8835393688
-0.9280035855,0.1349781431
1.0076633744,0.0378843385
-0.1692986753,0.4659104948
-0.8698308912,-0.5271267216
0.2918585754,0.4669140475
0.4352013916,-0.0689396717
-1.0485913778,0.0333466486
-0.5404934188,-0.0915694839
-0.8824127300,-0.4813957168
-0.6350573595,-0.7226178431
0.5909370395,-0.7387110251
0.5226940802,-0.1875302924
-0.0003320083,-1.0550639091
0.2454904495,-0.4746720333
0.4229833907,-0.3067007360
-0.3981932237,0.2412367271
-1.0007633564,0.0852749225
0.1834247245,1.0283253912
0.1352196413,-0.9719020331
0.7208484037,0.6155931712
-0.4115241992,0.3628337895
-0.4718829163,-0.0363593293
-0.0220093380,1.0201344073
0.0868249465,-1.0560100290
-0.8328494427,0.5679352158
0.7152374893,0.7172127291
0.4280391226,0.2076376642
0.4418485571,0.1978195675
-0.4749392288,0.1698264460
0.6066424424,-0.0754145354
0.4721691371,-0.9838261902
-0.3681110347,0.9641162196
0.1891716674,0.3992825470
-0.2174235188,0.4054828539
1.0346071452,0.0096406631
0.0859442477,0.5428844483
1.0703630095,-0.2197717344
0.9065440903,0.4066282342
0.9083136133,0.1693561440
0.9967653163,0.0310804471
0.6818506097,0.7866812200
-0.1475922746,-0.4156660882
-0.3643444778,-0.4528163405
-0.6837104586,0.7214349682
0.1835914753,0.4430262692
-0.5171198758,0.2633107386
0.2661294808,0.4127481637
0.1062766259,0.9554556848
0.4316171094,0.9048885277
-0.9667559464,-0.0986117224
-1.0732464942,0.1951955051
0.8637895796,0.4942186299
-0.2185125627,-0.3526419632
0.9231665012,0.5646908269
-0.5287011566,0.7799827703
-0.3257512430,0.3541115334
-0.9517286320,0.4206639886
-0.8898437772,-0.4156963117
-0.1526995350,0.4231594156
0.0608293113,-0.9959109393
0.0121852681,0.5531433937
0.1163367297,0.4329677190
0.6863819385,-0.6816526680
-0.9138253780,0.4126506476
-0.0002035936,-0.9967183283
-0.9581228242,0.0917399046
-0.3459805732,-0.4176148277
-0.3811453977,-0.2570895657
0.3293236218,0.3885251000
-1.0089631772,0.1525604480
0.8954879359,0.2565903053
0.0669149705,-0.5326195387
0.4469306679,-0.2629614518
-0.2106091645,0.4235307982
0.9407097333,0.0318581045
0.4197479259,-0.2617368446
-0.1331376446,-0.4239950191
0.4879817932,-0.1327143446
0.3745634966,0.2996141805
-0.9573213858,-0.1700639726
0.5109012018,-0.9367444930
-0.9493789240,0.2638315365
-0.7253948555,-0.5954490666
-0.6814573453,0.7234206502
0.3927297566,-0.0775231711
-0.4688251821,-0.0545560611
-0.7346896275,-0.7130348348
-0.2949657614,1.0123294072
-0.9136031286,0.1996627413
-0.9147232795,-0.2803693826
0.2411846854,-0.4753295501
-0.1378455988,0.4687182145
0.6358214895,-0.6865249846
-1.0065594835,-0.1139511109
0.4404822734,0.0238122805
0.4706451395,0.1145269696
0.0269198764,0.4462151867
-0.0189742439,-0.9783021067
-0.0624170312,-0.4339055058
0.9923800837,-0.3053537858
0.3768810278,-0.9147130266
-0.5600486553,-0.1600512977
-0.4921705574,-0.9550837422
-0.4798634215,0.2003415004
-0.4733789386,-0.1760162599
-0.9477903292,0.4503022251
0.5186246448,-0.3534026212
0.0295826054,0.4253278389
0.3644427919,0.8755529307
0.3375931594,-0.2595847036
0.8540522470,0.5632579864
0.3865409059,-0.3681100846
0.2076234126,0.4897806731
0.3477651945,0.4166902878
0.6002605190,-0.7740853178
-0.5848198259,-0.1631346905
0.4900183528,0.9246467394
0.9738470523,0.2064344818
0.5251874166,-0.1166956562
0.7472215194,-0.6109740354
0.9670643886,-0.1804865913
0.1666638175,-0.9965552736
-0.2872935011,0.8764311388
-0.4459830245,0.2537124027
-0.4919277963,-0.2706549244
-0.8130438262,-0.6868371355
-0.4727819602,0.1574502486
1.0469165050,0.3265945584
-0.3256333808,-0.3290936559
0.5007658700,0.1653708534
0.9034517859,-0.3996012509
-0.7962278323,0.5539007636
0.5558768850,0.0912035564
0.9390045173,0.4520977193
0.0941495331,-0.4990834253
0.8876252285,0.2832799471
0.3508012657,-0.2438334236
0.0046139534,-0.4335057172
0.0489840434,1.1083842303
0.9870680873,-0.1274026577
-0.2472120654,0.9651378590
-0.4610576387,0.8565485527
-0.1024970313,0.4048943320
-0.2067641910,-0.4252406113
0.8191937196,-0.4348519710
0.7044596104,0.7788559992
0.2248359890,1.0096842283
-0.5100658839,0.1357300516
-0.5637816774,0.1073103447
-0.3895795410,0.2321087045
-0.4403419139,-0.2065699904
0.4643078639,-0.3146811362
-0.3939082090,0.3483491439
0.5258293933,0.0841260856
0.0086547327,1.0319159447
-0.9550344521,-0.4035454785
0.0270425383,0.4634931994
-0.0397435386,1.0475965229
0.1418116603,-0.4863517549
-0.9647894293,-0.4408421537
0.0503597169,-0.4678334449
0.9466726216,0.1321238430
-0.5226210400,-0.1906368952
-0.2412676755,-1.0678370263
-0.4406614500,-0.9060463835
0.0608888410,-0.4562088388
-0.9493231612,0.3087411527
-0.2160109632,-0.8160609899
-0.1052449803,1.0576648992
-0.0861011632,-0.4452079496
-0.2096194949,1.0273646054
0.2376704385,0.3305780813
-0.6866674938,-0.7780887237
-0.3096660286,-0.9746853908
0.2088113600,-0.4376012237
-0.1035455169,0.4592779545
-0.4625341658,-0.2007835190
-0.2775154423,0.9173016226
-0.2684342368,0.2509641564
-0.4455036837,0.1567596777
-0.7775120422,0.5614887073
-0.7371870957,0.7809853740
0.4685889658,0.9122470426
-0.4488693031,0.1442429540
-0.6713711182,0.6784010974
-0.0990173046,-0.5450732004
-0.2468980787,-0.2839514500
-0.7589976270,0.7341007346
0.9449538606,-0.3942054727
-0.8700132231,0.4213485928
-0.6015468083,-0.8545326391
0.3855338486,-0.1226952182
-1.0607199795,-0.0094470365
0.2450686874,-0.8898449001
-0.4559183413,-0.2980691038
0.3969254272,-0.1606140590
0.0239613145,0.4665720637
-0.4601276805,0.7912099145
-0.2736541886,-0.3606517187
-0.5136963458,-0.7411771811
-0.1989101451,-0.9229206118
0.0179030116,-0.5301429473
-0.0778926120,-0.5794176093
-0.6481225384,-0.6868972678
0.6406928321,-0.6429074772
0.2168093963,-0.9894226773
-0.0008506415,0.5097936747
-0.0210561926,0.5228005477
0.3831260693,-0.3593455693
-0.2199008915,-0.4654177609
-0.5194638828,0.8065035451
-0.8671856354,-0.3651911980
0.3541577055,0.3837295251
-0.9949720821,0.1390350136
0.0623464920,-0.4505839519
0.3788101945,0.9056801657
0.0346964621,-0.5139539956
-0.5752790941,-0.1013520233
0.5009741626,0.1130596526
0.4761857260,0.2898125009
-0.3913399674,0.4199974456
-0.2898838061,0.3843262313
0.7751610183,-0.5887550614
-0.4427314702,-0.3541980042
0.4726197613,0.2087935245
-0.5312681329,0.0139792981
0.5420607780,0.0645680998
-0.3010775601,-0.3404691482
0.2684483832,-0.2758966129
0.1710252989,0.9591375156
-0.8681331616,-0.4229476024
0.8058543458,-0.3789630259
0.4291287831,-0.2966419368
0.0997298047,0.9620874208
-0.4490620545,-0.8597643930
-0.2117886387,-0.4981852021
-0.1786401789,-0.4403325671
-0.1880065148,1.0073132287
-0.8978642210,0.4635027138
-0.7621737798,0.5216130241
-0.4618280627,-0.9410870741
0.9309327750,0.1694534808
0.5042975658,-0.2185669636
-0.3920971771,0.3539699002
-1.0387849952,-0.2924265841
-0.4506555849,-0.8895779421
-0.4654135551,0.1819465219
0.1796876972,-0.8898495596
-0.2687543182,-0.4292048551
0.9362394842,-0.1857946795
0.5535597143,0.7671892007
0.7102206700,-0.7477876315
0.0730387897,0.9613824444
0.8605224663,-0.5113676866
0.9779031063,-0.2410146437
-0.9444772186,0.3829420650
-0.1207192783,0.5484965719
-0.2983144092,-0.2775799551
-0.4306749519,0.2917700616
0.2892647062,0.4253128221
1.0265881815,0.2489510287
-0.1405424327,0.9577079335
1.0261412106,-0.0765181034
-0.7214890748,0.6685316823
0.1470155085,-0.4829924204
0.9357104868,-0.1235698831
-0.5947035515,0.8576754857
-0.3396194065,-0.3358616794
0.0282155394,-0.5549847521
0.9472371322,0.2682724251
0.0656399033,0.5537248932
